ticker,market,pct_change,volume_vs_avg,news_tags,top_headline,days_since_earnings,sue,sue_persistence,sue_persistence_detail,pead_flag,data_check,as_of,logged_at
GPC,US,12.92,2.64,earnings,Genuine Parts (GPC) Stock Could Be A Bargain Despite Its 34% Run,54.0,0.1,Stayer (persistent),3/5 prior quarters same sign as current,"Consistent with PEAD continuation, moderate confidence (Day 54, later window, SUE=0.10, persistent SUE history)",,2026-07-02,2026-07-06T06:18:19
MRNA,US,10.01,1.25,upgrade/downgrade,"Jim Cramer Says “For the First Time in Ages, I Like Having a Position in Moderna”",47.0,0.25,Stayer (persistent),4/5 prior quarters same sign as current,"Consistent with PEAD continuation, moderate confidence (Day 47, later window, SUE=0.25, persistent SUE history)",,2026-07-02,2026-07-06T06:18:19
HONA,US,8.74,2.04,upgrade/downgrade,"Palantir, Chevron upgraded: Wall Street's top analyst calls",,,,,No recent earnings on record,,2026-07-02,2026-07-06T06:18:19
EFX,US,6.1,1.05,"earnings, M&A",Here's What to Expect From Equifax’s Next Earnings Report,54.0,1.54,Stayer (persistent),5/5 prior quarters same sign as current,"Consistent with PEAD continuation, moderate confidence (Day 54, later window, SUE=1.54, persistent SUE history)",,2026-07-02,2026-07-06T06:18:19
VRTX,US,6.03,0.72,unclassified - check headlines manually,"While SpaceX Gets the Headlines, Smart Investors Are Loading Up on This Stock Instead",44.0,0.45,Mover (inconsistent),2/5 prior quarters same sign as current,"Directionally consistent but LOW confidence (Day 44, later window, SUE=0.45) - this stock's SUE history is inconsistent (mover, not stayer) -- per Kettell et al. 2022, movers show ~no significant drift",,2026-07-02,2026-07-06T06:18:19
SPGI,US,6.01,1.1,unclassified - check headlines manually,TSMC’s AI Chip Dominance Strengthens Its Credit Outlook,49.0,0.77,Stayer (persistent),4/5 prior quarters same sign as current,"Consistent with PEAD continuation, moderate confidence (Day 49, later window, SUE=0.77, persistent SUE history)",,2026-07-02,2026-07-06T06:18:19
ISRG,US,5.87,1.12,earnings,Piper Sandler (PIPR) Stock Looks Strong On Returns Yet Above Fair Value,54.0,2.8,Stayer (persistent),5/5 prior quarters same sign as current,"Consistent with PEAD continuation, moderate confidence (Day 54, later window, SUE=2.80, persistent SUE history)",,2026-07-02,2026-07-06T06:18:19
LDOS,US,5.6,0.89,"macro/sector, product/contract",Leidos (LDOS) Stock May Be Undervalued After Health IT Contract Uncertainty,44.0,0.92,Stayer (persistent),5/5 prior quarters same sign as current,"Consistent with PEAD continuation, moderate confidence (Day 44, later window, SUE=0.92, persistent SUE history)",,2026-07-02,2026-07-06T06:18:19
NOC,US,5.59,1.39,"earnings, upgrade/downgrade, product/contract",Citi Keeps Buy Rating on Northrop Grumman (NOC),54.0,0.1,Stayer (persistent),4/5 prior quarters same sign as current,"In drift window (Day 54) - SUE near zero, ambiguous signal",,2026-07-02,2026-07-06T06:18:19
TYL,US,5.45,0.73,unclassified - check headlines manually,Tyler Technologies (TYL) Deploys Resident AI Assistant Across South Carolina Government Services,48.0,0.84,Stayer (persistent),3/5 prior quarters same sign as current,"Consistent with PEAD continuation, moderate confidence (Day 48, later window, SUE=0.84, persistent SUE history)",,2026-07-02,2026-07-06T06:18:19
AEGISVOPAK.NS,India,8.96,6.09,earnings,Aegis Vopak Terminals Ltd (NSE:AEGISVOPAK) Full Year 2026 Earnings Call Highlights: Robust ...,,,,,No recent earnings on record,,2026-07-06,2026-07-06T06:18:19
WELCORP.NS,India,6.24,3.02,"earnings, macro/sector",Welspun Living Ltd (BOM:514162) Q4 2026 Earnings Call Highlights: Strong Branded Growth Amidst ...,32.0,-0.24,Mover (inconsistent),0/5 prior quarters same sign as current,"Contradicts SUE sign (Day 32, later window, SUE=-0.24) - likely fresh catalyst",,2026-07-06,2026-07-06T06:18:19
ABDL.NS,India,5.49,1.77,earnings,Allied Blenders and Distillers Ltd (NSE:ABDL) Q4 2026 Earnings Call Highlights: Record EBITDA ...,37.0,-1.49,Mover (inconsistent),0/2 prior quarters same sign as current,"Contradicts SUE sign (Day 37, later window, SUE=-1.49) - likely fresh catalyst",,2026-07-06,2026-07-06T06:18:19
ZENTEC.NS,India,5.14,2.79,earnings,Zen Technologies Ltd (BOM:533339) Q3 2026 Earnings Call Highlights: Strong Revenue Growth and ...,,,,,No recent earnings on record,,2026-07-06,2026-07-06T06:18:19
CEMPRO.NS,India,4.87,1.05,earnings,Cemindia Projects Ltd (BOM:509496) Q4 2026 Earnings Call Highlights: Record Revenue and ...,48.0,3.6,Stayer (persistent),5/5 prior quarters same sign as current,"Consistent with PEAD continuation, moderate confidence (Day 48, later window, SUE=3.60, persistent SUE history)",,2026-07-06,2026-07-06T06:18:19
THELEELA.NS,India,4.73,2.53,M&A,"The Leela acquires ultra-luxury resort in Coorg, India",49.0,2.07,Stayer (persistent),2/2 prior quarters same sign as current,"Consistent with PEAD continuation, moderate confidence (Day 49, later window, SUE=2.07, persistent SUE history)",,2026-07-06,2026-07-06T06:18:19
RADICO.NS,India,4.7,1.65,"earnings, macro/sector",India's Officer's Choice whiskey maker bets on premium spirits despite war-linked inflation worries,43.0,0.81,Stayer (persistent),3/5 prior quarters same sign as current,"Consistent with PEAD continuation, moderate confidence (Day 43, later window, SUE=0.81, persistent SUE history)",,2026-07-06,2026-07-06T06:18:19
ADANIENSOL.NS,India,4.35,1.05,"earnings, product/contract",Energy & Utilities Roundup: Market Talk,52.0,0.12,Mover (inconsistent),0/5 prior quarters same sign as current,"Directionally consistent but LOW confidence (Day 52, later window, SUE=0.12) - this stock's SUE history is inconsistent (mover, not stayer) -- per Kettell et al. 2022, movers show ~no significant drift",,2026-07-06,2026-07-06T06:18:19
KIRLOSENG.NS,India,4.33,0.61,earnings,Kirloskar Oil Engines Ltd (BOM:533293) Q4 2026 Earnings Call Highlights: Record Growth and ...,624.0,1.64,Stayer (persistent),4/5 prior quarters same sign as current,Outside typical PEAD window (Day 624),,2026-07-06,2026-07-06T06:18:19
HFCL.NS,India,4.32,0.7,earnings,India's AI Infrastructure Winners Add $47 Billion as Sterlite Jumps 500%,1928.0,0.15,Mover (inconsistent),2/5 prior quarters same sign as current,Outside typical PEAD window (Day 1928),,2026-07-06,2026-07-06T06:18:19
GPC,US,12.92,2.64,earnings,Genuine Parts (GPC) Stock Could Be A Bargain Despite Its 34% Run,54.0,0.102,Stayer (persistent),3/5 prior quarters same sign as current,"Consistent with PEAD continuation, moderate confidence (Day 54, later window, SUE=0.10, persistent SUE history)",,2026-07-02,2026-07-06T10:42:00
MRNA,US,10.01,1.25,"upgrade/downgrade, macro/sector",US Stock Market Today: S&P 500 Futures Rise As Inflation Jitters Temporarily Ease,47.0,1.388,Stayer (persistent),4/5 prior quarters same sign as current,"Consistent with PEAD continuation, moderate confidence (Day 47, later window, SUE=1.39, persistent SUE history)",,2026-07-02,2026-07-06T10:42:00
HONA,US,8.74,2.04,upgrade/downgrade,"Palantir, Chevron upgraded: Wall Street's top analyst calls",,,,,No recent earnings on record,,2026-07-02,2026-07-06T10:42:00
EFX,US,6.1,1.05,"earnings, M&A",Here's What to Expect From Equifax’s Next Earnings Report,54.0,1.542,Stayer (persistent),5/5 prior quarters same sign as current,"Consistent with PEAD continuation, moderate confidence (Day 54, later window, SUE=1.54, persistent SUE history)",,2026-07-02,2026-07-06T10:42:00
VRTX,US,6.03,0.72,unclassified - check headlines manually,"While SpaceX Gets the Headlines, Smart Investors Are Loading Up on This Stock Instead",44.0,0.45,Mover (inconsistent),2/5 prior quarters same sign as current,"Directionally consistent but LOW confidence (Day 44, later window, SUE=0.45) - this stock's SUE history is inconsistent (mover, not stayer) -- per Kettell et al. 2022, movers show ~no significant drift",,2026-07-02,2026-07-06T10:42:00
SPGI,US,6.01,1.1,unclassified - check headlines manually,TSMC’s AI Chip Dominance Strengthens Its Credit Outlook,49.0,0.773,Stayer (persistent),4/5 prior quarters same sign as current,"Consistent with PEAD continuation, moderate confidence (Day 49, later window, SUE=0.77, persistent SUE history)",,2026-07-02,2026-07-06T10:42:00
ISRG,US,5.87,1.12,earnings,Piper Sandler (PIPR) Stock Looks Strong On Returns Yet Above Fair Value,54.0,2.804,Stayer (persistent),5/5 prior quarters same sign as current,"Consistent with PEAD continuation, moderate confidence (Day 54, later window, SUE=2.80, persistent SUE history)",,2026-07-02,2026-07-06T10:42:00
LDOS,US,5.6,0.89,"macro/sector, product/contract",Leidos (LDOS) Stock May Be Undervalued After Health IT Contract Uncertainty,44.0,0.924,Stayer (persistent),5/5 prior quarters same sign as current,"Consistent with PEAD continuation, moderate confidence (Day 44, later window, SUE=0.92, persistent SUE history)",,2026-07-02,2026-07-06T10:42:00
NOC,US,5.59,1.39,"earnings, upgrade/downgrade, product/contract",Citi Keeps Buy Rating on Northrop Grumman (NOC),54.0,0.098,Stayer (persistent),4/5 prior quarters same sign as current,"In drift window (Day 54) - SUE near zero, ambiguous signal",,2026-07-02,2026-07-06T10:42:00
TYL,US,5.45,0.73,unclassified - check headlines manually,Tyler Technologies (TYL) Deploys Resident AI Assistant Across South Carolina Government Services,48.0,0.836,Stayer (persistent),3/5 prior quarters same sign as current,"Consistent with PEAD continuation, moderate confidence (Day 48, later window, SUE=0.84, persistent SUE history)",,2026-07-02,2026-07-06T10:42:00
AEGISVOPAK.NS,India,8.76,8.53,earnings,Aegis Vopak Terminals Ltd (NSE:AEGISVOPAK) Full Year 2026 Earnings Call Highlights: Robust ...,,,,,No recent earnings on record,,2026-07-06,2026-07-06T10:42:00
SWANCORP.NS,India,7.3,10.96,unclassified - check headlines manually,(no headline found),3436.0,-1.277,Insufficient history,Fewer than 2 prior quarters with usable SUE data,Outside typical PEAD window (Day 3436),,2026-07-06,2026-07-06T10:42:00
ABDL.NS,India,7.26,7.75,earnings,Allied Blenders and Distillers Ltd (NSE:ABDL) Q4 2026 Earnings Call Highlights: Record EBITDA ...,37.0,-1.49,Mover (inconsistent),0/2 prior quarters same sign as current,"Contradicts SUE sign (Day 37, later window, SUE=-1.49) - likely fresh catalyst",,2026-07-06,2026-07-06T10:42:00
WELCORP.NS,India,7.25,7.89,"earnings, macro/sector",Welspun Living Ltd (BOM:514162) Q4 2026 Earnings Call Highlights: Strong Branded Growth Amidst ...,32.0,-0.239,Mover (inconsistent),0/5 prior quarters same sign as current,"Contradicts SUE sign (Day 32, later window, SUE=-0.24) - likely fresh catalyst",,2026-07-06,2026-07-06T10:42:00
DIXON.NS,India,6.81,3.14,earnings,Dixon Technologies (India) Ltd (BOM:540699) Q4 2026 Earnings Call Highlights: Strong Annual ...,39.0,1.002,Stayer (persistent),4/5 prior quarters same sign as current,"Consistent with PEAD continuation, moderate confidence (Day 39, later window, SUE=1.00, persistent SUE history)",,2026-07-06,2026-07-06T10:42:00
AEGISLOG.NS,India,6.32,1.06,earnings,Aegis Logistics Ltd (BOM:500003) Q4 2026 Earnings Call Highlights: Record Profit Milestone and ...,26.0,3.832,Stayer (persistent),3/5 prior quarters same sign as current,"Consistent with PEAD continuation, moderate confidence (Day 26, later window, SUE=3.83, persistent SUE history)",,2026-07-06,2026-07-06T10:42:00
ZENTEC.NS,India,6.07,4.6,earnings,Zen Technologies Ltd (BOM:533339) Q3 2026 Earnings Call Highlights: Strong Revenue Growth and ...,,,,,No recent earnings on record,,2026-07-06,2026-07-06T10:42:00
THELEELA.NS,India,5.57,5.46,M&A,"The Leela acquires ultra-luxury resort in Coorg, India",49.0,2.065,Stayer (persistent),2/2 prior quarters same sign as current,"Consistent with PEAD continuation, moderate confidence (Day 49, later window, SUE=2.07, persistent SUE history)",,2026-07-06,2026-07-06T10:42:00
RADICO.NS,India,5.51,3.01,"earnings, macro/sector",India's Officer's Choice whiskey maker bets on premium spirits despite war-linked inflation worries,43.0,0.815,Stayer (persistent),3/5 prior quarters same sign as current,"Consistent with PEAD continuation, moderate confidence (Day 43, later window, SUE=0.81, persistent SUE history)",,2026-07-06,2026-07-06T10:42:00
MANAPPURAM.NS,India,5.45,3.26,"earnings, macro/sector, product/contract",Indian gold-loan financier Muthoot Finance's profit doubles on strong loan growth,44.0,-0.618,Stayer (persistent),5/5 prior quarters same sign as current,"Contradicts SUE sign (Day 44, later window, SUE=-0.62) - likely fresh catalyst",,2026-07-06,2026-07-06T10:42:00
GPC,US,12.92,2.64,earnings,Genuine Parts (GPC) Stock Could Be A Bargain Despite Its 34% Run,54.0,0.102,Stayer (persistent),3/5 prior quarters same sign as current,"Consistent with PEAD continuation, moderate confidence (Day 54, later window, SUE=0.10, persistent SUE history)",,2026-07-02,2026-07-06T10:49:37
MRNA,US,10.01,1.25,"upgrade/downgrade, macro/sector",US Stock Market Today: S&P 500 Futures Rise As Inflation Jitters Temporarily Ease,47.0,0.247,Stayer (persistent),4/5 prior quarters same sign as current,"Consistent with PEAD continuation, moderate confidence (Day 47, later window, SUE=0.25, persistent SUE history)",,2026-07-02,2026-07-06T10:49:37
HONA,US,8.74,2.04,upgrade/downgrade,"Palantir, Chevron upgraded: Wall Street's top analyst calls",,,,,No recent earnings on record,,2026-07-02,2026-07-06T10:49:37
EFX,US,6.1,1.05,"earnings, M&A",Here's What to Expect From Equifax’s Next Earnings Report,54.0,1.542,Stayer (persistent),5/5 prior quarters same sign as current,"Consistent with PEAD continuation, moderate confidence (Day 54, later window, SUE=1.54, persistent SUE history)",,2026-07-02,2026-07-06T10:49:37
VRTX,US,6.03,0.72,unclassified - check headlines manually,"While SpaceX Gets the Headlines, Smart Investors Are Loading Up on This Stock Instead",44.0,0.45,Mover (inconsistent),2/5 prior quarters same sign as current,"Directionally consistent but LOW confidence (Day 44, later window, SUE=0.45) - this stock's SUE history is inconsistent (mover, not stayer) -- per Kettell et al. 2022, movers show ~no significant drift",,2026-07-02,2026-07-06T10:49:37
SPGI,US,6.01,1.1,unclassified - check headlines manually,TSMC’s AI Chip Dominance Strengthens Its Credit Outlook,49.0,0.773,Stayer (persistent),4/5 prior quarters same sign as current,"Consistent with PEAD continuation, moderate confidence (Day 49, later window, SUE=0.77, persistent SUE history)",,2026-07-02,2026-07-06T10:49:37
ISRG,US,5.87,1.12,earnings,Piper Sandler (PIPR) Stock Looks Strong On Returns Yet Above Fair Value,54.0,2.804,Stayer (persistent),5/5 prior quarters same sign as current,"Consistent with PEAD continuation, moderate confidence (Day 54, later window, SUE=2.80, persistent SUE history)",,2026-07-02,2026-07-06T10:49:37
LDOS,US,5.6,0.89,"macro/sector, product/contract",Leidos (LDOS) Stock May Be Undervalued After Health IT Contract Uncertainty,44.0,0.924,Stayer (persistent),5/5 prior quarters same sign as current,"Consistent with PEAD continuation, moderate confidence (Day 44, later window, SUE=0.92, persistent SUE history)",,2026-07-02,2026-07-06T10:49:37
NOC,US,5.59,1.39,"earnings, upgrade/downgrade, product/contract",Citi Keeps Buy Rating on Northrop Grumman (NOC),54.0,0.098,Stayer (persistent),4/5 prior quarters same sign as current,"In drift window (Day 54) - SUE near zero, ambiguous signal",,2026-07-02,2026-07-06T10:49:37
TYL,US,5.45,0.73,unclassified - check headlines manually,Tyler Technologies (TYL) Deploys Resident AI Assistant Across South Carolina Government Services,48.0,0.836,Stayer (persistent),3/5 prior quarters same sign as current,"Consistent with PEAD continuation, moderate confidence (Day 48, later window, SUE=0.84, persistent SUE history)",,2026-07-02,2026-07-06T10:49:37
AEGISVOPAK.NS,India,8.76,8.53,earnings,Aegis Vopak Terminals Ltd (NSE:AEGISVOPAK) Full Year 2026 Earnings Call Highlights: Robust ...,,,,,No recent earnings on record,,2026-07-06,2026-07-06T10:49:37
SWANCORP.NS,India,7.3,10.96,unclassified - check headlines manually,(no headline found),3436.0,-1.277,Insufficient history,Fewer than 2 prior quarters with usable SUE data,Outside typical PEAD window (Day 3436),,2026-07-06,2026-07-06T10:49:37
ABDL.NS,India,7.26,7.75,earnings,Allied Blenders and Distillers Ltd (NSE:ABDL) Q4 2026 Earnings Call Highlights: Record EBITDA ...,37.0,-1.49,Mover (inconsistent),0/2 prior quarters same sign as current,"Contradicts SUE sign (Day 37, later window, SUE=-1.49) - likely fresh catalyst",,2026-07-06,2026-07-06T10:49:37
WELCORP.NS,India,7.25,7.89,"earnings, macro/sector",Welspun Living Ltd (BOM:514162) Q4 2026 Earnings Call Highlights: Strong Branded Growth Amidst ...,32.0,-0.239,Mover (inconsistent),0/5 prior quarters same sign as current,"Contradicts SUE sign (Day 32, later window, SUE=-0.24) - likely fresh catalyst",,2026-07-06,2026-07-06T10:49:37
DIXON.NS,India,6.81,3.14,earnings,Dixon Technologies (India) Ltd (BOM:540699) Q4 2026 Earnings Call Highlights: Strong Annual ...,39.0,1.002,Stayer (persistent),4/5 prior quarters same sign as current,"Consistent with PEAD continuation, moderate confidence (Day 39, later window, SUE=1.00, persistent SUE history)",,2026-07-06,2026-07-06T10:49:37
AEGISLOG.NS,India,6.32,1.06,earnings,Aegis Logistics Ltd (BOM:500003) Q4 2026 Earnings Call Highlights: Record Profit Milestone and ...,26.0,3.832,Stayer (persistent),3/5 prior quarters same sign as current,"Consistent with PEAD continuation, moderate confidence (Day 26, later window, SUE=3.83, persistent SUE history)",,2026-07-06,2026-07-06T10:49:37
ZENTEC.NS,India,6.07,4.6,earnings,Zen Technologies Ltd (BOM:533339) Q3 2026 Earnings Call Highlights: Strong Revenue Growth and ...,,,,,No recent earnings on record,,2026-07-06,2026-07-06T10:49:37
THELEELA.NS,India,5.57,5.46,M&A,"The Leela acquires ultra-luxury resort in Coorg, India",49.0,2.065,Stayer (persistent),2/2 prior quarters same sign as current,"Consistent with PEAD continuation, moderate confidence (Day 49, later window, SUE=2.07, persistent SUE history)",,2026-07-06,2026-07-06T10:49:37
RADICO.NS,India,5.51,3.01,"earnings, macro/sector",India's Officer's Choice whiskey maker bets on premium spirits despite war-linked inflation worries,43.0,0.815,Stayer (persistent),3/5 prior quarters same sign as current,"Consistent with PEAD continuation, moderate confidence (Day 43, later window, SUE=0.81, persistent SUE history)",,2026-07-06,2026-07-06T10:49:37
MANAPPURAM.NS,India,5.45,3.26,"earnings, macro/sector, product/contract",Indian gold-loan financier Muthoot Finance's profit doubles on strong loan growth,44.0,-0.618,Stayer (persistent),5/5 prior quarters same sign as current,"Contradicts SUE sign (Day 44, later window, SUE=-0.62) - likely fresh catalyst",,2026-07-06,2026-07-06T10:49:37
ANET,US,8.31,0.94,unclassified - check headlines manually,The Wide-Open Possibilities The Options Market Sees In Cisco Stock,44.0,2.265,Stayer (persistent),5/5 prior quarters same sign as current,"Consistent with PEAD continuation, moderate confidence (Day 44, later window, SUE=2.27, persistent SUE history)",,2026-07-06,2026-07-06T22:23:30
WDC,US,7.14,0.6,earnings,"Stock Market Today: Dow Up, AI Stock Tests Entry; SpaceX Tumbles As Elon Musk Makes This Boast (Live Coverage)",47.0,1.628,Stayer (persistent),4/5 prior quarters same sign as current,"Consistent with PEAD continuation, moderate confidence (Day 47, later window, SUE=1.63, persistent SUE history)",,2026-07-06,2026-07-06T22:23:30
TSLA,US,6.69,1.07,macro/sector,"Stock market today: Dow posts record, S&P 500 and Nasdaq rally on revived AI optimism",53.0,0.582,Mover (inconsistent),1/5 prior quarters same sign as current,"Directionally consistent but LOW confidence (Day 53, later window, SUE=0.58) - this stock's SUE history is inconsistent (mover, not stayer) -- per Kettell et al. 2022, movers show ~no significant drift",,2026-07-06,2026-07-06T22:23:30
AMD,US,6.61,0.95,"upgrade/downgrade, macro/sector",Tech stocks on track for record annual inflows as investors pile into the AI trade,44.0,1.25,Stayer (persistent),3/5 prior quarters same sign as current,"Consistent with PEAD continuation, moderate confidence (Day 44, later window, SUE=1.25, persistent SUE history)",,2026-07-06,2026-07-06T22:23:30
NTAP,US,6.08,1.08,upgrade/downgrade,"Okta upgraded, Datadog downgraded: Wall Street's top analyst calls",27.0,1.782,Stayer (persistent),4/5 prior quarters same sign as current,"Consistent with PEAD continuation, moderate confidence (Day 27, later window, SUE=1.78, persistent SUE history)",,2026-07-06,2026-07-06T22:23:30
VRT,US,5.97,0.73,unclassified - check headlines manually,What Vertiv Stock Was Saying About The AI Factory Build-Out,53.0,1.741,Stayer (persistent),5/5 prior quarters same sign as current,"Consistent with PEAD continuation, moderate confidence (Day 53, later window, SUE=1.74, persistent SUE history)",,2026-07-06,2026-07-06T22:23:30
STX,US,5.86,0.61,upgrade/downgrade,"Seagate, Semtech, and Teradyne Stocks Trade Up, What You Need To Know",49.0,2.783,Stayer (persistent),5/5 prior quarters same sign as current,"Consistent with PEAD continuation, moderate confidence (Day 49, later window, SUE=2.78, persistent SUE history)",,2026-07-06,2026-07-06T22:23:30
QCOM,US,5.8,0.62,regulatory/legal,"Update: Dow Crosses 53,000, Nasdaq Rebounds as Tech Advances",48.0,0.76,Stayer (persistent),5/5 prior quarters same sign as current,"Consistent with PEAD continuation, moderate confidence (Day 48, later window, SUE=0.76, persistent SUE history)",,2026-07-06,2026-07-06T22:23:30
PCAR,US,5.36,1.2,earnings,The Engine Driving Caterpillar's Run Isn't In A Bulldozer,49.0,-0.047,Stayer (persistent),3/5 prior quarters same sign as current,"In drift window (Day 49) - SUE near zero, ambiguous signal",,2026-07-06,2026-07-06T22:23:30
IBKR,US,5.1,0.86,regulatory/legal,"Robinhood, Dell Lead 5 Stocks Near Buy Points With AI Tailwinds",54.0,0.0,Mover (inconsistent),0/5 prior quarters same sign as current,"In drift window (Day 54) - SUE near zero, ambiguous signal",,2026-07-06,2026-07-06T22:23:30
SUMICHEM.NS,India,13.85,0.84,earnings,Sumitomo Chemical India Ltd (BOM:542920) Q4 2026 Earnings Call Highlights: Record Profitability ...,29.0,0.089,Stayer (persistent),3/5 prior quarters same sign as current,"In drift window (Day 29) - SUE near zero, ambiguous signal",,2026-07-03,2026-07-06T22:23:30
ZENSARTECH.NS,India,10.43,0.65,earnings,Zensar Technologies Ltd (BOM:504067) Q3 2026 Earnings Call Highlights: Navigating Growth Amidst ...,51.0,1.007,Stayer (persistent),5/5 prior quarters same sign as current,"Consistent with PEAD continuation, moderate confidence (Day 51, later window, SUE=1.01, persistent SUE history)",,2026-07-03,2026-07-06T22:23:30
AEGISVOPAK.NS,India,9.67,8.53,earnings,Aegis Vopak Terminals Ltd (NSE:AEGISVOPAK) Full Year 2026 Earnings Call Highlights: Robust ...,,,,,No recent earnings on record,,2026-07-03,2026-07-06T22:23:30
ECLERX.NS,India,7.01,0.75,earnings,eClerx Services Ltd (BOM:532927) Q4 2026 Earnings Call Highlights: Strong Financial Performance ...,38.0,-2.181,Mover (inconsistent),1/5 prior quarters same sign as current,"Contradicts SUE sign (Day 38, later window, SUE=-2.18) - likely fresh catalyst",,2026-07-03,2026-07-06T22:23:30
HCLTECH.NS,India,5.65,0.59,"earnings, product/contract","Indian IT firms face muted Q1 as AI shift, weak demand weigh",54.0,-0.966,Stayer (persistent),4/5 prior quarters same sign as current,"Contradicts SUE sign (Day 54, later window, SUE=-0.97) - likely fresh catalyst",,2026-07-03,2026-07-06T22:23:30
KAYNES.NS,India,5.55,0.98,earnings,Kaynes Technology India Ltd (BOM:543664) Q4 2026 Earnings Call Highlights: Strong Revenue ...,38.0,-2.595,Mover (inconsistent),2/5 prior quarters same sign as current,"Contradicts SUE sign (Day 38, later window, SUE=-2.60) - likely fresh catalyst",,2026-07-03,2026-07-06T22:23:30
LODHA.NS,India,5.05,1.68,earnings,Lodha Developers Ltd (BOM:543287) Q4 2026 Earnings Call Highlights: Strong Presales and ...,51.0,-1.155,Stayer (persistent),4/5 prior quarters same sign as current,"Contradicts SUE sign (Day 51, later window, SUE=-1.15) - likely fresh catalyst",,2026-07-03,2026-07-06T22:23:30
M&MFIN.NS,India,5.05,0.91,"earnings, macro/sector",Indian firms turn to floating-rate debt as interest rate hikes loom,23.0,0.316,Stayer (persistent),5/5 prior quarters same sign as current,"Consistent with PEAD continuation, moderate confidence (Day 23, later window, SUE=0.32, persistent SUE history)",,2026-07-03,2026-07-06T22:23:30
HFCL.NS,India,4.83,1.22,earnings,India's AI Infrastructure Winners Add $47 Billion as Sterlite Jumps 500%,1928.0,0.151,Mover (inconsistent),2/5 prior quarters same sign as current,Outside typical PEAD window (Day 1928),,2026-07-03,2026-07-06T22:23:30
NATIONALUM.NS,India,4.62,0.51,"earnings, product/contract","Four Indian stocks added, four excluded from key global index in MSCI's May rejig",47.0,-0.378,Mover (inconsistent),0/5 prior quarters same sign as current,"Contradicts SUE sign (Day 47, later window, SUE=-0.38) - likely fresh catalyst",,2026-07-03,2026-07-06T22:23:30
CTSH,US,6.21,0.77,"earnings, macro/sector","US Equity Markets Lower as Semiconductor Stocks Fall, Crude Oil Prices Rise",49.0,0.996,Stayer (persistent),5/5 prior quarters same sign as current,"Consistent with PEAD continuation, moderate confidence (Day 49, later window, SUE=1.00, persistent SUE history)",,2026-07-07,2026-07-07T22:20:05
OXY,US,5.88,1.28,earnings,Occidental Petroleum Corporation (OXY) is Attracting Investor Attention: Here is What You Should Know,44.0,2.556,Stayer (persistent),5/5 prior quarters same sign as current,"Consistent with PEAD continuation, moderate confidence (Day 44, later window, SUE=2.56, persistent SUE history)",,2026-07-07,2026-07-07T22:20:05
CBOE,US,5.53,0.82,"earnings, product/contract","Up 14.81% in a Year, COWZ Proves You Don’t Need Apple",47.0,4.055,Stayer (persistent),4/5 prior quarters same sign as current,"Consistent with PEAD continuation, moderate confidence (Day 47, later window, SUE=4.05, persistent SUE history)",,2026-07-07,2026-07-07T22:20:05
GILD,US,5.21,1.0,"upgrade/downgrade, product/contract",Jim Cramer Calls Biotech “The Hottest Group in the Market” as He Predicts “Deals Are Going to Be Flooding the Market”,43.0,0.354,Stayer (persistent),5/5 prior quarters same sign as current,"Consistent with PEAD continuation, moderate confidence (Day 43, later window, SUE=0.35, persistent SUE history)",,2026-07-07,2026-07-07T22:20:05
DVN,US,5.08,1.18,unclassified - check headlines manually,Devon Energy Corporation (DVN) Is a Trending Stock: Facts to Know Before Betting on It,44.0,-0.639,Stayer (persistent),3/5 prior quarters same sign as current,"Contradicts SUE sign (Day 44, later window, SUE=-0.64) - likely fresh catalyst",,2026-07-07,2026-07-07T22:20:05
DOW,US,4.79,1.0,"earnings, product/contract",Can DOW's Strong Liquidity Drive Future Growth and Returns?,53.0,1.164,Stayer (persistent),3/5 prior quarters same sign as current,"Consistent with PEAD continuation, moderate confidence (Day 53, later window, SUE=1.16, persistent SUE history)",,2026-07-07,2026-07-07T22:20:05
APA,US,4.74,1.08,upgrade/downgrade,2 Cash-Producing Stocks with Exciting Potential and 1 Facing Challenges,44.0,1.42,Stayer (persistent),4/5 prior quarters same sign as current,"Consistent with PEAD continuation, moderate confidence (Day 44, later window, SUE=1.42, persistent SUE history)",,2026-07-07,2026-07-07T22:20:05
COP,US,4.69,0.89,earnings,"Up 14.81% in a Year, COWZ Proves You Don’t Need Apple",48.0,1.392,Stayer (persistent),4/5 prior quarters same sign as current,"Consistent with PEAD continuation, moderate confidence (Day 48, later window, SUE=1.39, persistent SUE history)",,2026-07-07,2026-07-07T22:20:05
GDDY,US,4.33,0.83,earnings,Exclusive-World's biggest domain seller fears India's fake site crackdown could damage internet,48.0,0.039,Mover (inconsistent),2/5 prior quarters same sign as current,"In drift window (Day 48) - SUE near zero, ambiguous signal",,2026-07-07,2026-07-07T22:20:05
IT,US,4.21,0.96,unclassified - check headlines manually,Agentic AI to disrupt $234B in SaaS spending: Gartner,44.0,0.942,Stayer (persistent),5/5 prior quarters same sign as current,"Consistent with PEAD continuation, moderate confidence (Day 44, later window, SUE=0.94, persistent SUE history)",,2026-07-07,2026-07-07T22:20:05
AEGISVOPAK.NS,India,8.76,4.79,earnings,Aegis Vopak Terminals Ltd (NSE:AEGISVOPAK) Full Year 2026 Earnings Call Highlights: Robust ...,,,,,No recent earnings on record,,2026-07-06,2026-07-07T22:20:05
SWANCORP.NS,India,7.3,1.26,unclassified - check headlines manually,(no headline found),3436.0,-1.277,Insufficient history,Fewer than 2 prior quarters with usable SUE data,Outside typical PEAD window (Day 3436),,2026-07-06,2026-07-07T22:20:05
ABDL.NS,India,7.26,0.77,earnings,Allied Blenders and Distillers Ltd (NSE:ABDL) Q4 2026 Earnings Call Highlights: Record EBITDA ...,38.0,-1.49,Mover (inconsistent),0/2 prior quarters same sign as current,"Contradicts SUE sign (Day 38, later window, SUE=-1.49) - likely fresh catalyst",,2026-07-06,2026-07-07T22:20:05
WELCORP.NS,India,7.25,0.49,"earnings, macro/sector",Welspun Living Ltd (BOM:514162) Q4 2026 Earnings Call Highlights: Strong Branded Growth Amidst ...,33.0,-0.239,Mover (inconsistent),0/5 prior quarters same sign as current,"Contradicts SUE sign (Day 33, later window, SUE=-0.24) - likely fresh catalyst",,2026-07-06,2026-07-07T22:20:05
DIXON.NS,India,6.81,1.65,earnings,Dixon Technologies (India) Ltd (BOM:540699) Q4 2026 Earnings Call Highlights: Strong Annual ...,39.0,1.002,Stayer (persistent),4/5 prior quarters same sign as current,"Consistent with PEAD continuation, moderate confidence (Day 39, later window, SUE=1.00, persistent SUE history)",,2026-07-06,2026-07-07T22:20:05
AEGISLOG.NS,India,6.32,0.89,earnings,Aegis Logistics Ltd (BOM:500003) Q4 2026 Earnings Call Highlights: Record Profit Milestone and ...,27.0,3.832,Stayer (persistent),3/5 prior quarters same sign as current,"Consistent with PEAD continuation, moderate confidence (Day 27, later window, SUE=3.83, persistent SUE history)",,2026-07-06,2026-07-07T22:20:05
ZENTEC.NS,India,6.07,1.44,earnings,Zen Technologies Ltd (BOM:533339) Q3 2026 Earnings Call Highlights: Strong Revenue Growth and ...,,,,,No recent earnings on record,,2026-07-06,2026-07-07T22:20:05
THELEELA.NS,India,5.57,0.65,M&A,"The Leela acquires ultra-luxury resort in Coorg, India",49.0,2.065,Stayer (persistent),2/2 prior quarters same sign as current,"Consistent with PEAD continuation, moderate confidence (Day 49, later window, SUE=2.07, persistent SUE history)",,2026-07-06,2026-07-07T22:20:05
RADICO.NS,India,5.51,1.66,"earnings, macro/sector",India's Officer's Choice whiskey maker bets on premium spirits despite war-linked inflation worries,44.0,0.815,Stayer (persistent),3/5 prior quarters same sign as current,"Consistent with PEAD continuation, moderate confidence (Day 44, later window, SUE=0.81, persistent SUE history)",,2026-07-06,2026-07-07T22:20:05
MANAPPURAM.NS,India,5.45,0.8,"earnings, macro/sector, product/contract",Indian gold-loan financier Muthoot Finance's profit doubles on strong loan growth,45.0,-1.15,Stayer (persistent),5/5 prior quarters same sign as current,"Contradicts SUE sign (Day 45, later window, SUE=-1.15) - likely fresh catalyst",,2026-07-06,2026-07-07T22:20:05
AKAM,US,10.67,1.69,product/contract,DigitalOcean's Big Promotion Ends In A Bruise,44.0,0.162,Stayer (persistent),5/5 prior quarters same sign as current,"Consistent with PEAD continuation, moderate confidence (Day 44, later window, SUE=0.16, persistent SUE history)",,2026-07-08,2026-07-08T22:16:30
ANET,US,8.76,1.31,product/contract,"Dow Jones Futures: Oil Spikes On Iran News, But Nvidia, Valero, Dell Rise; SpaceX Hits New Low",45.0,2.265,Stayer (persistent),5/5 prior quarters same sign as current,"Consistent with PEAD continuation, moderate confidence (Day 45, later window, SUE=2.27, persistent SUE history)",,2026-07-08,2026-07-08T22:16:30
SMCI,US,7.31,0.7,product/contract,Why Super Micro Computer Fell Over 36% in June,45.0,2.897,Stayer (persistent),3/5 prior quarters same sign as current,"Consistent with PEAD continuation, moderate confidence (Day 45, later window, SUE=2.90, persistent SUE history)",,2026-07-08,2026-07-08T22:16:30
SNDK,US,6.77,0.91,"earnings, macro/sector",AI memory stocks trim losses as investors buy the dip,49.0,2.369,Stayer (persistent),4/4 prior quarters same sign as current,"Consistent with PEAD continuation, moderate confidence (Day 49, later window, SUE=2.37, persistent SUE history)",,2026-07-08,2026-07-08T22:16:30
VLO,US,6.26,0.94,macro/sector,"Dow Jones Futures: Oil Spikes On Iran News, But Nvidia, Valero, Dell Rise; SpaceX Hits New Low",49.0,2.442,Stayer (persistent),5/5 prior quarters same sign as current,"Consistent with PEAD continuation, moderate confidence (Day 49, later window, SUE=2.44, persistent SUE history)",,2026-07-08,2026-07-08T22:16:30
BKR,US,5.71,1.5,macro/sector,Sector Update: Energy Stocks Gain Late Afternoon,54.0,1.185,Stayer (persistent),5/5 prior quarters same sign as current,"Consistent with PEAD continuation, moderate confidence (Day 54, later window, SUE=1.19, persistent SUE history)",,2026-07-08,2026-07-08T22:16:30
MPC,US,5.39,1.01,regulatory/legal,CVX Handed Shareholders $115 Bil In Five Years,45.0,1.695,Stayer (persistent),4/5 prior quarters same sign as current,"Consistent with PEAD continuation, moderate confidence (Day 45, later window, SUE=1.69, persistent SUE history)",,2026-07-08,2026-07-08T22:16:30
CIEN,US,5.27,0.5,unclassified - check headlines manually,(no headline found),24.0,1.317,Stayer (persistent),4/5 prior quarters same sign as current,"Consistent with PEAD continuation, moderate confidence (Day 24, later window, SUE=1.32, persistent SUE history)",,2026-07-08,2026-07-08T22:16:30
CASY,US,5.13,1.07,earnings,Casey’s shuffles leadership team as new 3-year growth plan begins,20.0,2.761,Stayer (persistent),5/5 prior quarters same sign as current,"Consistent with PEAD continuation, moderate confidence (Day 20, later window, SUE=2.76, persistent SUE history)",,2026-07-08,2026-07-08T22:16:30
PSX,US,5.02,0.98,macro/sector,CVX Handed Shareholders $115 Bil In Five Years,49.0,1.812,Stayer (persistent),4/5 prior quarters same sign as current,"Consistent with PEAD continuation, moderate confidence (Day 49, later window, SUE=1.81, persistent SUE history)",,2026-07-08,2026-07-08T22:16:30
NAUKRI.NS,India,13.1,3.25,earnings,Info Edge (India) Ltd (BOM:532777) Q4 2026 Earnings Call Highlights: Strong Revenue Growth and ...,33.0,0.942,Mover (inconsistent),2/5 prior quarters same sign as current,"Directionally consistent but LOW confidence (Day 33, later window, SUE=0.94) - this stock's SUE history is inconsistent (mover, not stayer) -- per Kettell et al. 2022, movers show ~no significant drift",,2026-07-07,2026-07-08T22:16:30
PWL.NS,India,10.13,7.47,earnings,PhysicsWallah Ltd (NSE:PWL) Q4 2026 Earnings Call Highlights: Strong Revenue Growth and ...,29.0,0.943,Insufficient history,Fewer than 2 prior quarters with usable SUE data,"Consistent with PEAD continuation, low confidence (Day 29, later window, SUE=0.94, insufficient history to assess persistence)",,2026-07-07,2026-07-08T22:16:30
RITES.NS,India,8.92,0.43,earnings,RITES Ltd (NSE:RITES) Q4 2026 Earnings Call Highlights: Record Order Book and Strategic Growth ...,35.0,0.879,Mover (inconsistent),2/5 prior quarters same sign as current,"Directionally consistent but LOW confidence (Day 35, later window, SUE=0.88) - this stock's SUE history is inconsistent (mover, not stayer) -- per Kettell et al. 2022, movers show ~no significant drift",,2026-07-07,2026-07-08T22:16:30
SWIGGY.NS,India,7.21,3.11,unclassified - check headlines manually,"Amazon, Flipkart Push Wipes $15 Billion Off India's Quick-Commerce Leaders",43.0,0.223,Mover (inconsistent),0/5 prior quarters same sign as current,"Directionally consistent but LOW confidence (Day 43, later window, SUE=0.22) - this stock's SUE history is inconsistent (mover, not stayer) -- per Kettell et al. 2022, movers show ~no significant drift",,2026-07-07,2026-07-08T22:16:30
NATCOPHARM.NS,India,5.6,1.48,"earnings, macro/sector, product/contract",Natco Pharma Ltd (BOM:524816) Q4 2026 Earnings Call Highlights: Navigating Revenue Declines and ...,28.0,1.295,Mover (inconsistent),1/5 prior quarters same sign as current,"Directionally consistent but LOW confidence (Day 28, later window, SUE=1.30) - this stock's SUE history is inconsistent (mover, not stayer) -- per Kettell et al. 2022, movers show ~no significant drift",,2026-07-07,2026-07-08T22:16:30
LATENTVIEW.NS,India,5.3,0.47,unclassified - check headlines manually,(no headline found),37.0,-0.587,Mover (inconsistent),2/5 prior quarters same sign as current,"Contradicts SUE sign (Day 37, later window, SUE=-0.59) - likely fresh catalyst",,2026-07-07,2026-07-08T22:16:30
AEGISVOPAK.NS,India,5.13,1.27,earnings,Aegis Vopak Terminals Ltd (NSE:AEGISVOPAK) Full Year 2026 Earnings Call Highlights: Robust ...,,,,,No recent earnings on record,,2026-07-07,2026-07-08T22:16:30
SUNDARMFIN.NS,India,3.97,1.57,unclassified - check headlines manually,(no headline found),31.0,0.073,Stayer (persistent),4/5 prior quarters same sign as current,"In drift window (Day 31) - SUE near zero, ambiguous signal",,2026-07-07,2026-07-08T22:16:30
JUBLFOOD.NS,India,3.81,2.69,earnings,Jubilant Foodworks Ltd (BOM:533155) Q4 2026 Earnings Call Highlights: Strategic Expansion Amid ...,34.0,-0.108,Mover (inconsistent),2/5 prior quarters same sign as current,"Contradicts SUE sign (Day 34, later window, SUE=-0.11) - likely fresh catalyst",,2026-07-07,2026-07-08T22:16:30
HAVELLS.NS,India,3.68,2.86,earnings,Havells India Ltd (BOM:517354) Q4 2026 Earnings Call Highlights: Strategic Investments and ...,54.0,2.775,Mover (inconsistent),1/5 prior quarters same sign as current,"Directionally consistent but LOW confidence (Day 54, later window, SUE=2.78) - this stock's SUE history is inconsistent (mover, not stayer) -- per Kettell et al. 2022, movers show ~no significant drift",,2026-07-07,2026-07-08T22:16:30
LITE,US,11.13,1.14,unclassified - check headlines manually,"Lumentum, Sandisk, Applied Materials, AstraZeneca, and More Stocks That Explain Today’s Market",46.0,1.009,Stayer (persistent),5/5 prior quarters same sign as current,"Consistent with PEAD continuation, moderate confidence (Day 46, later window, SUE=1.01, persistent SUE history)",,2026-07-09,2026-07-09T22:40:07
HPE,US,9.94,1.17,unclassified - check headlines manually,Cadence (CDNS) Expands Collaboration with HPE for AI Data Center Modernization,26.0,4.748,Stayer (persistent),4/5 prior quarters same sign as current,"Consistent with PEAD continuation, moderate confidence (Day 26, later window, SUE=4.75, persistent SUE history)",,2026-07-09,2026-07-09T22:40:07
FDXF,US,7.64,0.46,"upgrade/downgrade, macro/sector, product/contract","Old Dominion, J.B. Hunt, XPO Lead Sector in Market Cap Rankings",,,,,No recent earnings on record,,2026-07-09,2026-07-09T22:40:07
SNDK,US,7.59,1.0,unclassified - check headlines manually,"Micron, Sandisk, Marvell stocks jump, leading chip sector gains",49.0,2.369,Stayer (persistent),4/4 prior quarters same sign as current,"Consistent with PEAD continuation, moderate confidence (Day 49, later window, SUE=2.37, persistent SUE history)",,2026-07-09,2026-07-09T22:40:07
NCLH,US,6.98,0.97,earnings,Why Are Norwegian Cruise Line (NCLH) Shares Soaring Today,46.0,0.503,Stayer (persistent),3/5 prior quarters same sign as current,"Consistent with PEAD continuation, moderate confidence (Day 46, later window, SUE=0.50, persistent SUE history)",,2026-07-09,2026-07-09T22:40:07
LRCX,US,6.01,0.76,upgrade/downgrade,"Lumentum, Sandisk, Applied Materials, AstraZeneca, and More Stocks That Explain Today’s Market",55.0,2.914,Stayer (persistent),5/5 prior quarters same sign as current,"Consistent with PEAD continuation, moderate confidence (Day 55, later window, SUE=2.91, persistent SUE history)",,2026-07-09,2026-07-09T22:40:07
IVZ,US,5.85,0.77,unclassified - check headlines manually,"Which Is the Better Consumer Staples ETF, Vanguard's VDC or Invesco's RSPS?",51.0,-0.136,Mover (inconsistent),1/5 prior quarters same sign as current,"Contradicts SUE sign (Day 51, later window, SUE=-0.14) - likely fresh catalyst",,2026-07-09,2026-07-09T22:40:07
FIX,US,5.73,0.78,"earnings, upgrade/downgrade",Why Comfort Systems USA (FIX) Is Down 9.7% After Russell Index Removal Amid AI Infrastructure Hopes,54.0,4.038,Stayer (persistent),5/5 prior quarters same sign as current,"Consistent with PEAD continuation, moderate confidence (Day 54, later window, SUE=4.04, persistent SUE history)",,2026-07-09,2026-07-09T22:40:07
AMD,US,5.66,0.85,unclassified - check headlines manually,"Micron, Sandisk, Marvell stocks jump, leading chip sector gains",46.0,1.25,Stayer (persistent),3/5 prior quarters same sign as current,"Consistent with PEAD continuation, moderate confidence (Day 46, later window, SUE=1.25, persistent SUE history)",,2026-07-09,2026-07-09T22:40:07
PANW,US,5.53,0.96,earnings,"S&P 500, Nasdaq, Dow End Higher Led By Chipmaker Stocks As Investors Look Past US-Iran Hostility — ORCL, SBUX, WULF, PANW, FATE In Focus",26.0,1.526,Stayer (persistent),5/5 prior quarters same sign as current,"Consistent with PEAD continuation, moderate confidence (Day 26, later window, SUE=1.53, persistent SUE history)",,2026-07-09,2026-07-09T22:40:07
KALYANKJIL.NS,India,5.47,9.91,earnings,Kalyan Jewellers India Ltd (BOM:543278) Q4 2026 Earnings Call Highlights: Record Revenue Growth ...,44.0,1.198,Stayer (persistent),4/5 prior quarters same sign as current,"Consistent with PEAD continuation, moderate confidence (Day 44, later window, SUE=1.20, persistent SUE history)",,2026-07-08,2026-07-09T22:40:07
ATHERENERG.NS,India,5.21,1.04,earnings,India's Ather Energy narrows quarterly loss as Rizta e-scooter drives sales growth,46.0,-0.303,Insufficient history,Fewer than 2 prior quarters with usable SUE data,"Contradicts SUE sign (Day 46, later window, SUE=-0.30) - likely fresh catalyst",,2026-07-08,2026-07-09T22:40:07
MCX.NS,India,3.74,0.59,"earnings, regulatory/legal","Four Indian stocks added, four excluded from key global index in MSCI's May rejig",44.0,-0.72,Stayer (persistent),3/5 prior quarters same sign as current,"Contradicts SUE sign (Day 44, later window, SUE=-0.72) - likely fresh catalyst",,2026-07-08,2026-07-09T22:40:07
CHENNPETRO.NS,India,2.19,1.13,earnings,"Indian Oil to team up with Vitol in global trading push, source says",1421.0,-1.899,Mover (inconsistent),2/5 prior quarters same sign as current,Outside typical PEAD window (Day 1421),,2026-07-08,2026-07-09T22:40:07
NATIONALUM.NS,India,2.1,0.78,"earnings, product/contract",NLCIL and NALCO partner on 1.08GW thermal plant in Odisha,49.0,-0.378,Mover (inconsistent),0/5 prior quarters same sign as current,"Contradicts SUE sign (Day 49, later window, SUE=-0.38) - likely fresh catalyst",,2026-07-08,2026-07-09T22:40:07
PREMIERENE.NS,India,1.89,1.96,"earnings, product/contract",Premier Energies Ltd (NSE:PREMIERENE) Q4 2026 Earnings Call Highlights: Record Revenue Growth ...,39.0,2.113,Stayer (persistent),3/4 prior quarters same sign as current,"Consistent with PEAD continuation, moderate confidence (Day 39, later window, SUE=2.11, persistent SUE history)",,2026-07-08,2026-07-09T22:40:07
ACUTAAS.NS,India,1.87,0.86,unclassified - check headlines manually,(no headline found),49.0,1.866,Stayer (persistent),4/5 prior quarters same sign as current,"Consistent with PEAD continuation, moderate confidence (Day 49, later window, SUE=1.87, persistent SUE history)",,2026-07-08,2026-07-09T22:40:07
OIL.NS,India,1.7,0.59,"earnings, macro/sector",Oil India identifies natural gas in second Andaman offshore well,40.0,0.777,Mover (inconsistent),0/5 prior quarters same sign as current,"Directionally consistent but LOW confidence (Day 40, later window, SUE=0.78) - this stock's SUE history is inconsistent (mover, not stayer) -- per Kettell et al. 2022, movers show ~no significant drift",,2026-07-08,2026-07-09T22:40:07
NAUKRI.NS,India,1.69,1.16,earnings,Info Edge (India) Ltd (BOM:532777) Q4 2026 Earnings Call Highlights: Strong Revenue Growth and ...,34.0,0.942,Mover (inconsistent),2/5 prior quarters same sign as current,"Directionally consistent but LOW confidence (Day 34, later window, SUE=0.94) - this stock's SUE history is inconsistent (mover, not stayer) -- per Kettell et al. 2022, movers show ~no significant drift",,2026-07-08,2026-07-09T22:40:07
EXIDEIND.NS,India,1.65,1.2,earnings,Indian battery maker Exide's quarterly profit rises 22% on auto demand,46.0,0.544,Mover (inconsistent),1/5 prior quarters same sign as current,"Directionally consistent but LOW confidence (Day 46, later window, SUE=0.54) - this stock's SUE history is inconsistent (mover, not stayer) -- per Kettell et al. 2022, movers show ~no significant drift",,2026-07-08,2026-07-09T22:40:07
META,US,5.97,1.81,unclassified - check headlines manually,What Meta's Muse AI image tool means for Instagram privacy,51,1.058,Stayer (persistent),5/5 prior quarters same sign as current,"Consistent with PEAD continuation, moderate confidence (Day 51, later window, SUE=1.06, persistent SUE history)",,2026-07-10,2026-07-10T22:14:38
WY,US,4.22,1.05,earnings,Why Is Boise Cascade (BCC) Stock Soaring Today,50,1.402,Stayer (persistent),5/5 prior quarters same sign as current,"Consistent with PEAD continuation, moderate confidence (Day 50, later window, SUE=1.40, persistent SUE history)",,2026-07-10,2026-07-10T22:14:38
SBAC,US,4.14,1.25,unclassified - check headlines manually,AI Stocks Look Expensive. These 3 ETFs Could Help Investors Stay in the Game.,51,0.0,Mover (inconsistent),0/5 prior quarters same sign as current,"In drift window (Day 51) - SUE near zero, ambiguous signal",,2026-07-10,2026-07-10T22:14:38
NVDA,US,4.03,1.02,unclassified - check headlines manually,"Stock market today: Dow, S&P 500, Nasdaq rise to cap choppy week as SK Hynix pops in US debut",36,3.409,Stayer (persistent),5/5 prior quarters same sign as current,"Consistent with PEAD continuation, moderate confidence (Day 36, later window, SUE=3.41, persistent SUE history)",,2026-07-10,2026-07-10T22:14:38
CCI,US,3.89,1.02,earnings,AI Stocks Look Expensive. These 3 ETFs Could Help Investors Stay in the Game.,56,0.153,Stayer (persistent),5/5 prior quarters same sign as current,"Consistent with PEAD continuation, moderate confidence (Day 56, later window, SUE=0.15, persistent SUE history)",,2026-07-10,2026-07-10T22:14:38
BF-B,US,3.77,0.78,earnings,"Zacks Industry Outlook Highlights Anheuser-Busch, Diageo, Constellation Brands, Brown-Forman and Molson Coors Beverage",25,-2.138,Stayer (persistent),3/5 prior quarters same sign as current,"Contradicts SUE sign (Day 25, later window, SUE=-2.14) - likely fresh catalyst",,2026-07-10,2026-07-10T22:14:38
CLX,US,3.75,0.86,earnings,"Why Verizon, Clorox and More Dividend Stocks Are Flashing a Buy Signal",50,0.296,Stayer (persistent),3/5 prior quarters same sign as current,"Consistent with PEAD continuation, moderate confidence (Day 50, later window, SUE=0.30, persistent SUE history)",,2026-07-10,2026-07-10T22:14:38
NKE,US,3.72,0.55,macro/sector,NIKE Stock Outlook 2026 as Recovery Stays Uneven Across Markets,6,4.168,Stayer (persistent),5/5 prior quarters same sign as current,"Consistent with PEAD continuation, high confidence (Day 6, immediate window, SUE=4.17, persistent SUE history)",,2026-07-10,2026-07-10T22:14:38
MOS,US,3.66,0.71,upgrade/downgrade,The Best Materials Stocks to Buy,42,-0.99,Stayer (persistent),3/5 prior quarters same sign as current,"Contradicts SUE sign (Day 42, later window, SUE=-0.99) - likely fresh catalyst",,2026-07-10,2026-07-10T22:14:38
BBY,US,3.51,0.99,regulatory/legal,"Take-Two 'GTA VI' Pre-Order Data Indicate 'Robust' Demand, B. Riley Says",30,0.182,Stayer (persistent),5/5 prior quarters same sign as current,"Consistent with PEAD continuation, moderate confidence (Day 30, later window, SUE=0.18, persistent SUE history)",,2026-07-10,2026-07-10T22:14:38
KALYANKJIL.NS,India,18.4,4.65,earnings,Kalyan Jewellers India Ltd (BOM:543278) Q4 2026 Earnings Call Highlights: Record Revenue Growth ...,44,1.198,Stayer (persistent),4/5 prior quarters same sign as current,"Consistent with PEAD continuation, moderate confidence (Day 44, later window, SUE=1.20, persistent SUE history)",,2026-07-09,2026-07-10T22:14:38
MAPMYINDIA.NS,India,14.79,0.94,earnings,CE Info Systems Ltd (BOM:543425) Q4 2026 Earnings Call Highlights: Strong Financial Performance ...,36,0.138,Mover (inconsistent),2/5 prior quarters same sign as current,"Directionally consistent but LOW confidence (Day 36, later window, SUE=0.14) - this stock's SUE history is inconsistent (mover, not stayer) -- per Kettell et al. 2022, movers show ~no significant drift",,2026-07-09,2026-07-10T22:14:38
CHOICEIN.NS,India,7.98,1.38,earnings,Choice International Ltd (BOM:531358) Q4 2026 Earnings Call Highlights: Strong Revenue Growth ...,55,-0.836,Mover (inconsistent),0/2 prior quarters same sign as current,"Contradicts SUE sign (Day 55, later window, SUE=-0.84) - likely fresh catalyst",,2026-07-09,2026-07-10T22:14:38
SWIGGY.NS,India,7.47,1.17,unclassified - check headlines manually,"Amazon, Flipkart Push Wipes $15 Billion Off India's Quick-Commerce Leaders",44,0.223,Mover (inconsistent),0/5 prior quarters same sign as current,"Directionally consistent but LOW confidence (Day 44, later window, SUE=0.22) - this stock's SUE history is inconsistent (mover, not stayer) -- per Kettell et al. 2022, movers show ~no significant drift",,2026-07-09,2026-07-10T22:14:38
LODHA.NS,India,6.91,1.18,earnings,Lodha Developers Ltd (BOM:543287) Q4 2026 Earnings Call Highlights: Strong Presales and ...,54,-1.155,Stayer (persistent),4/5 prior quarters same sign as current,"Contradicts SUE sign (Day 54, later window, SUE=-1.15) - likely fresh catalyst",,2026-07-09,2026-07-10T22:14:38
KAYNES.NS,India,6.8,0.98,earnings,Kaynes Technology India Ltd (BOM:543664) Q4 2026 Earnings Call Highlights: Strong Revenue ...,41,-2.595,Mover (inconsistent),2/5 prior quarters same sign as current,"Contradicts SUE sign (Day 41, later window, SUE=-2.60) - likely fresh catalyst",,2026-07-09,2026-07-10T22:14:38
CGCL.NS,India,6.57,1.24,earnings,"India's Capri Global to rely more on debt funding after debut public sale, exec says",1549,2.253,Stayer (persistent),4/5 prior quarters same sign as current,Outside typical PEAD window (Day 1549),,2026-07-09,2026-07-10T22:14:38
KIRLOSENG.NS,India,6.49,0.61,earnings,Kirloskar Oil Engines Ltd (BOM:533293) Q4 2026 Earnings Call Highlights: Record Growth and ...,627,1.637,Stayer (persistent),4/5 prior quarters same sign as current,Outside typical PEAD window (Day 627),,2026-07-09,2026-07-10T22:14:38
SAREGAMA.NS,India,6.46,0.51,earnings,Saregama India Ltd (BOM:532163) Q3 2026 Earnings Call Highlights: Strategic Investments and ...,367,0.559,Mover (inconsistent),1/5 prior quarters same sign as current,Outside typical PEAD window (Day 367),,2026-07-09,2026-07-10T22:14:38
BRIGADE.NS,India,6.22,2.15,earnings,Brigade Enterprises Ltd (BOM:532929) Q4 2026 Earnings Call Highlights: Strong Revenue Growth ...,46,-2.192,Stayer (persistent),4/5 prior quarters same sign as current,"Contradicts SUE sign (Day 46, later window, SUE=-2.19) - likely fresh catalyst",,2026-07-09,2026-07-10T22:14:38
FDS,US,6.47,0.69,earnings,Earnings season is about to kick off — 2 charts reveal how it may go,8,0.36,Stayer (persistent),3/5 prior quarters same sign as current,"Consistent with PEAD continuation, moderate confidence (Day 8, later window, SUE=0.36, persistent SUE history)",,2026-07-13,2026-07-13T22:05:19
IT,US,6.06,0.86,"earnings, regulatory/legal",Lenovo Group (SEHK:992) Stock Looks Fully Priced Despite AI Hopes,49,0.942,Stayer (persistent),5/5 prior quarters same sign as current,"Consistent with PEAD continuation, moderate confidence (Day 49, later window, SUE=0.94, persistent SUE history)",,2026-07-13,2026-07-13T22:05:19
INTU,US,5.38,1.22,unclassified - check headlines manually,"SK Hynix, Sandisk, AppLovin, Intuit, Meta, SpaceX, and More Stocks That Explain Today’s Market",38,0.808,Stayer (persistent),5/5 prior quarters same sign as current,"Consistent with PEAD continuation, moderate confidence (Day 38, later window, SUE=0.81, persistent SUE history)",,2026-07-13,2026-07-13T22:05:19
VLO,US,5.38,1.1,unclassified - check headlines manually,Oil Surges As Trump Asserts Control Over Strait Of Hormuz; What Happens Now,52,2.442,Stayer (persistent),5/5 prior quarters same sign as current,"Consistent with PEAD continuation, moderate confidence (Day 52, later window, SUE=2.44, persistent SUE history)",,2026-07-13,2026-07-13T22:05:19
PSX,US,5.27,1.14,unclassified - check headlines manually,Oil Surges As Trump Asserts Control Over Strait Of Hormuz; What Happens Now,53,1.812,Stayer (persistent),4/5 prior quarters same sign as current,"Consistent with PEAD continuation, moderate confidence (Day 53, later window, SUE=1.81, persistent SUE history)",,2026-07-13,2026-07-13T22:05:19
BIIB,US,4.96,1.7,upgrade/downgrade,BIIB Stock Jumps 5% — Analysts Raise Price Targets After FDA Clears Alzheimer’s Treatment For At-Home Use,53,1.056,Stayer (persistent),5/5 prior quarters same sign as current,"Consistent with PEAD continuation, moderate confidence (Day 53, later window, SUE=1.06, persistent SUE history)",,2026-07-13,2026-07-13T22:05:19
CRM,US,4.84,1.09,unclassified - check headlines manually,Why AppLovin Is One of the Worst S&P 500 Stocks Today,33,2.666,Stayer (persistent),5/5 prior quarters same sign as current,"Consistent with PEAD continuation, moderate confidence (Day 33, later window, SUE=2.67, persistent SUE history)",,2026-07-13,2026-07-13T22:05:19
CASY,US,4.79,0.93,earnings,Sector Update: Consumer Stocks Mixed Late Afternoon,24,2.827,Stayer (persistent),5/5 prior quarters same sign as current,"Consistent with PEAD continuation, moderate confidence (Day 24, later window, SUE=2.83, persistent SUE history)",,2026-07-13,2026-07-13T22:05:19
MPC,US,4.63,1.06,macro/sector,Oil Surges As Trump Asserts Control Over Strait Of Hormuz; What Happens Now,49,1.695,Stayer (persistent),4/5 prior quarters same sign as current,"Consistent with PEAD continuation, moderate confidence (Day 49, later window, SUE=1.69, persistent SUE history)",,2026-07-13,2026-07-13T22:05:19
DOW,US,4.62,1.06,product/contract,5 Dividend Stocks Flashing Warning Signs,57,1.164,Stayer (persistent),3/5 prior quarters same sign as current,"Consistent with PEAD continuation, moderate confidence (Day 57, later window, SUE=1.16, persistent SUE history)",,2026-07-13,2026-07-13T22:05:19
GODREJIND.NS,India,16.28,1.17,"earnings, M&A",India's Godrej Agrovet posts modest profit rise amid uneven business growth,1869,1.328,Mover (inconsistent),1/4 prior quarters same sign as current,Outside typical PEAD window (Day 1869),,2026-07-10,2026-07-13T22:05:19
J&KBANK.NS,India,14.39,1.55,unclassified - check headlines manually,(no headline found),49,0.97,Stayer (persistent),5/5 prior quarters same sign as current,"Consistent with PEAD continuation, moderate confidence (Day 49, later window, SUE=0.97, persistent SUE history)",,2026-07-10,2026-07-13T22:05:19
ZENSARTECH.NS,India,13.6,1.82,earnings,Zensar Technologies Ltd (BOM:504067) Q3 2026 Earnings Call Highlights: Navigating Growth Amidst ...,56,1.007,Stayer (persistent),5/5 prior quarters same sign as current,"Consistent with PEAD continuation, moderate confidence (Day 56, later window, SUE=1.01, persistent SUE history)",,2026-07-10,2026-07-13T22:05:19
INDIANB.NS,India,9.78,0.79,"earnings, regulatory/legal","Four Indian stocks added, four excluded from key global index in MSCI's May rejig",1,0.0,Mover (inconsistent),0/5 prior quarters same sign as current,"In drift window (Day 1) - SUE near zero, ambiguous signal",,2026-07-10,2026-07-13T22:05:19
NEWGEN.NS,India,9.3,8.37,earnings,Newgen Software Technologies Ltd (NSE:NEWGEN) Q4 2026 Earnings Call Highlights: Navigating ...,52,0.033,Mover (inconsistent),2/5 prior quarters same sign as current,"In drift window (Day 52) - SUE near zero, ambiguous signal",,2026-07-10,2026-07-13T22:05:19
BLUEJET.NS,India,8.62,0.92,earnings,Blue Jet Healthcare Ltd (NSE:BLUEJET) Q4 2026 Earnings Call Highlights: Strong Contrast Media ...,34,1.343,Stayer (persistent),4/5 prior quarters same sign as current,"Consistent with PEAD continuation, moderate confidence (Day 34, later window, SUE=1.34, persistent SUE history)",,2026-07-10,2026-07-13T22:05:19
MRPL.NS,India,8.56,3.17,"earnings, regulatory/legal, macro/sector","Indian refiners say offers of Venezuelan oil limited, most going to US",1419,-0.188,Mover (inconsistent),2/5 prior quarters same sign as current,Outside typical PEAD window (Day 1419),,2026-07-10,2026-07-13T22:05:19
BRIGADE.NS,India,7.6,0.49,earnings,Brigade Enterprises Ltd (BOM:532929) Q4 2026 Earnings Call Highlights: Strong Revenue Growth ...,48,-2.192,Stayer (persistent),4/5 prior quarters same sign as current,"Contradicts SUE sign (Day 48, later window, SUE=-2.19) - likely fresh catalyst",,2026-07-10,2026-07-13T22:05:19
KALYANKJIL.NS,India,7.48,4.17,earnings,Kalyan Jewellers India Ltd (BOM:543278) Q4 2026 Earnings Call Highlights: Record Revenue Growth ...,46,1.198,Stayer (persistent),4/5 prior quarters same sign as current,"Consistent with PEAD continuation, moderate confidence (Day 46, later window, SUE=1.20, persistent SUE history)",,2026-07-10,2026-07-13T22:05:19
BSOFT.NS,India,7.13,1.42,earnings,Birlasoft Ltd (BOM:532400) Q3 2026 Earnings Call Highlights: Strong EBITDA Margin Expansion and ...,48,1.265,Mover (inconsistent),1/5 prior quarters same sign as current,"Directionally consistent but LOW confidence (Day 48, later window, SUE=1.27) - this stock's SUE history is inconsistent (mover, not stayer) -- per Kettell et al. 2022, movers show ~no significant drift",,2026-07-10,2026-07-13T22:05:19
CRWD,US,12.14,1.25,unclassified - check headlines manually,IBM posts its worst trading day in company history,29.0,0.764,Stayer (persistent),3/5 prior quarters same sign as current,"Consistent with PEAD continuation, moderate confidence (Day 29, later window, SUE=0.76, persistent SUE history)",,2026-07-14,2026-07-14T22:09:17
GS,US,9.0,1.89,"earnings, regulatory/legal, product/contract",SpaceX and other mega AI deals are lifting big bank profits. CEOs say more are coming.,65.0,0.563,Stayer (persistent),5/5 prior quarters same sign as current,"Consistent with PEAD continuation, moderate confidence (Day 65, later window, SUE=0.56, persistent SUE history)",,2026-07-14,2026-07-14T22:09:17
CVNA,US,8.29,1.06,earnings,"Ecommerce earnings could provide catalyst for sector gains, Jefferies says",54.0,0.12,Stayer (persistent),4/5 prior quarters same sign as current,"Consistent with PEAD continuation, moderate confidence (Day 54, later window, SUE=0.12, persistent SUE history)",,2026-07-14,2026-07-14T22:09:17
DELL,US,7.12,1.05,macro/sector,"Dow Jones Futures: Goldman, CrowdStrike Jump, AI Stocks Need To Do This; ASML, Morgan Stanley Due",33.0,4.54,Stayer (persistent),4/5 prior quarters same sign as current,"Consistent with PEAD continuation, moderate confidence (Day 33, later window, SUE=4.54, persistent SUE history)",,2026-07-14,2026-07-14T22:09:17
PANW,US,6.84,0.75,unclassified - check headlines manually,"CrowdStrike, Fortinet and others surge on IBM warning of customer spending shift",29.0,1.526,Stayer (persistent),5/5 prior quarters same sign as current,"Consistent with PEAD continuation, moderate confidence (Day 29, later window, SUE=1.53, persistent SUE history)",,2026-07-14,2026-07-14T22:09:17
MPWR,US,6.58,0.72,earnings,2 Profitable Stocks to Research Further and 1 We Question,53.0,2.565,Stayer (persistent),5/5 prior quarters same sign as current,"Consistent with PEAD continuation, moderate confidence (Day 53, later window, SUE=2.57, persistent SUE history)",,2026-07-14,2026-07-14T22:09:17
NTAP,US,6.48,0.9,unclassified - check headlines manually,"Dow Jones Futures: Goldman, CrowdStrike Jump, AI Stocks Need To Do This; ASML, Morgan Stanley Due",33.0,1.782,Stayer (persistent),4/5 prior quarters same sign as current,"Consistent with PEAD continuation, moderate confidence (Day 33, later window, SUE=1.78, persistent SUE history)",,2026-07-14,2026-07-14T22:09:17
LITE,US,6.07,0.89,unclassified - check headlines manually,Prediction: Poet Technologies Has 160% Upside as AI Infrastructure Demand Accelerates,49.0,1.009,Stayer (persistent),5/5 prior quarters same sign as current,"Consistent with PEAD continuation, moderate confidence (Day 49, later window, SUE=1.01, persistent SUE history)",,2026-07-14,2026-07-14T22:09:17
SNDK,US,5.01,0.75,upgrade/downgrade,"Nvidia, Intel and Micron Rebound as Chip Stocks Shake Off War Fears",53.0,2.369,Stayer (persistent),4/4 prior quarters same sign as current,"Consistent with PEAD continuation, moderate confidence (Day 53, later window, SUE=2.37, persistent SUE history)",,2026-07-14,2026-07-14T22:09:17
MU,US,4.92,0.69,"earnings, product/contract",GraniteShares launches new SK Hynix ETFs,14.0,4.061,Stayer (persistent),5/5 prior quarters same sign as current,"Consistent with PEAD continuation, moderate confidence (Day 14, later window, SUE=4.06, persistent SUE history)",,2026-07-14,2026-07-14T22:09:17
NEWGEN.NS,India,14.17,1.12,earnings,Newgen Software Technologies Ltd (NSE:NEWGEN) Q4 2026 Earnings Call Highlights: Navigating ...,53.0,0.033,Mover (inconsistent),2/5 prior quarters same sign as current,"In drift window (Day 53) - SUE near zero, ambiguous signal",,2026-07-13,2026-07-14T22:09:17
SONATSOFTW.NS,India,10.76,0.85,earnings,Sonata Software Ltd (BOM:532221) Q4 2026 Earnings Call Highlights: Strong AI-Led Growth Amidst ...,48.0,2.057,Stayer (persistent),3/5 prior quarters same sign as current,"Consistent with PEAD continuation, moderate confidence (Day 48, later window, SUE=2.06, persistent SUE history)",,2026-07-13,2026-07-14T22:09:17
MAPMYINDIA.NS,India,9.37,0.52,earnings,CE Info Systems Ltd (BOM:543425) Q4 2026 Earnings Call Highlights: Strong Financial Performance ...,39.0,0.138,Mover (inconsistent),2/5 prior quarters same sign as current,"Directionally consistent but LOW confidence (Day 39, later window, SUE=0.14) - this stock's SUE history is inconsistent (mover, not stayer) -- per Kettell et al. 2022, movers show ~no significant drift",,2026-07-13,2026-07-14T22:09:17
KALYANKJIL.NS,India,7.25,1.8,earnings,Kalyan Jewellers India Ltd (BOM:543278) Q4 2026 Earnings Call Highlights: Record Revenue Growth ...,47.0,1.198,Stayer (persistent),4/5 prior quarters same sign as current,"Consistent with PEAD continuation, moderate confidence (Day 47, later window, SUE=1.20, persistent SUE history)",,2026-07-13,2026-07-14T22:09:17
AEGISVOPAK.NS,India,7.11,0.66,earnings,Aegis Vopak Terminals Ltd (NSE:AEGISVOPAK) Full Year 2026 Earnings Call Highlights: Robust ...,,,,,No recent earnings on record,,2026-07-13,2026-07-14T22:09:17
PINELABS.NS,India,6.79,1.25,"earnings, product/contract",Pine Labs Ltd (NSE:PINELABS) Q4 2026 Earnings Call Highlights: Strong Revenue Growth Amidst ...,35.0,3.771,Insufficient history,Fewer than 2 prior quarters with usable SUE data,"Consistent with PEAD continuation, low confidence (Day 35, later window, SUE=3.77, insufficient history to assess persistence)",,2026-07-13,2026-07-14T22:09:17
RRKABEL.NS,India,6.7,1.05,"earnings, product/contract",R R Kabel Ltd (BOM:543981) Q4 2026 Earnings Call Highlights: Record Revenue and Strategic ...,53.0,1.297,Stayer (persistent),4/5 prior quarters same sign as current,"Consistent with PEAD continuation, moderate confidence (Day 53, later window, SUE=1.30, persistent SUE history)",,2026-07-13,2026-07-14T22:09:17
JSWINFRA.NS,India,6.41,0.9,earnings,JSW Infrastructure Ltd (BOM:543994) Q3 2026 Earnings Call Highlights: Strong Revenue Growth ...,47.0,0.973,Stayer (persistent),3/5 prior quarters same sign as current,"Consistent with PEAD continuation, moderate confidence (Day 47, later window, SUE=0.97, persistent SUE history)",,2026-07-13,2026-07-14T22:09:17
ZENSARTECH.NS,India,6.29,0.59,earnings,Zensar Technologies Ltd (BOM:504067) Q3 2026 Earnings Call Highlights: Navigating Growth Amidst ...,57.0,1.007,Stayer (persistent),5/5 prior quarters same sign as current,"Consistent with PEAD continuation, moderate confidence (Day 57, later window, SUE=1.01, persistent SUE history)",,2026-07-13,2026-07-14T22:09:17
TATATECH.NS,India,5.88,0.85,earnings,India's Tata Technologies quarterly profit rises on broad-based growth,50.0,-0.225,Mover (inconsistent),2/5 prior quarters same sign as current,"Contradicts SUE sign (Day 50, later window, SUE=-0.23) - likely fresh catalyst",,2026-07-13,2026-07-14T22:09:17
PYPL,US,17.2,6.78,"earnings, M&A, macro/sector","Stripe, Advent make $53 billion offer to take over PayPal.",50,0.844,Stayer (persistent),4/5 prior quarters same sign as current,"Consistent with PEAD continuation, moderate confidence (Day 50, later window, SUE=0.84, persistent SUE history)",,2026-07-15,2026-07-15T22:10:34
BLK,US,6.63,1.96,"earnings, macro/sector",Morgan Stanley had a blowout quarter. But is all this AI-driven revenue sustainable?,65,,N/A - no analyst estimate for most recent report,SUE history exists for older quarters but not the most recent report; persistence can't be judged without a current SUE to compare,"In drift window (Day 65) - SUE unavailable, verify manually",,2026-07-15,2026-07-15T22:10:34
CBRE,US,6.22,1.22,"earnings, product/contract",CBRE (CBRE) Stock Looks Undervalued On Cash Flow But Fair On Earnings,59,2.645,Stayer (persistent),5/5 prior quarters same sign as current,"Consistent with PEAD continuation, moderate confidence (Day 59, later window, SUE=2.65, persistent SUE history)",,2026-07-15,2026-07-15T22:10:34
IVZ,US,5.46,1.16,earnings,Why QQQM’s 0.15% Fee Crushes QQQ for Long-Term Growth Investors,55,-0.136,Mover (inconsistent),1/5 prior quarters same sign as current,"Contradicts SUE sign (Day 55, later window, SUE=-0.14) - likely fresh catalyst",,2026-07-15,2026-07-15T22:10:34
BNY,US,5.08,2.31,"earnings, regulatory/legal, macro/sector",Update: US Equity Indexes Climb as Unexpected Decline in Inflation Helps Counter Sharp Deterioration in Iran Geopolitics,64,,N/A - no analyst estimate for most recent report,SUE history exists for older quarters but not the most recent report; persistence can't be judged without a current SUE to compare,"In drift window (Day 64) - SUE unavailable, verify manually",,2026-07-15,2026-07-15T22:10:34
BKNG,US,4.55,1.02,earnings,"Booking, Alphabet, and 7 Other Stocks to Buy Ahead of Earnings",55,0.586,Stayer (persistent),4/5 prior quarters same sign as current,"Consistent with PEAD continuation, moderate confidence (Day 55, later window, SUE=0.59, persistent SUE history)",,2026-07-15,2026-07-15T22:10:34
CTAS,US,4.36,2.07,earnings,Cintas Corp (CTAS) Q4 2026 Earnings Call Highlights: Record Revenue and Margin Expansion Amidst ...,79,,N/A - no analyst estimate for most recent report,SUE history exists for older quarters but not the most recent report; persistence can't be judged without a current SUE to compare,"In drift window (Day 79) - SUE unavailable, verify manually",,2026-07-15,2026-07-15T22:10:34
HCA,US,4.19,1.19,"earnings, upgrade/downgrade",HCA Healthcare (HCA) Stock Still Trades At A Discount Despite A 52% Return,58,0.037,Stayer (persistent),5/5 prior quarters same sign as current,"In drift window (Day 58) - SUE near zero, ambiguous signal",,2026-07-15,2026-07-15T22:10:34
AAPL,US,4.01,1.29,"M&A, product/contract",What rising memory chip prices could mean for Apple's iPhones,54,0.656,Stayer (persistent),5/5 prior quarters same sign as current,"Consistent with PEAD continuation, moderate confidence (Day 54, later window, SUE=0.66, persistent SUE history)",,2026-07-15,2026-07-15T22:10:34
KKR,US,3.85,1.84,"M&A, product/contract","KKR Markets Debt Backed by PayPal’s Buy Now, Pay Later Loans",50,1.588,Stayer (persistent),4/5 prior quarters same sign as current,"Consistent with PEAD continuation, moderate confidence (Day 50, later window, SUE=1.59, persistent SUE history)",,2026-07-15,2026-07-15T22:10:34
NUVOCO.NS,India,7.85,19.48,unclassified - check headlines manually,(no headline found),1,0.072,Stayer (persistent),4/5 prior quarters same sign as current,"In drift window (Day 1) - SUE near zero, ambiguous signal",,2026-07-14,2026-07-15T22:10:34
BIOCON.NS,India,6.41,1.16,"earnings, upgrade/downgrade","Mylan to sell up to $363 million stake in India's Biocon, term sheet shows",49,0.076,Mover (inconsistent),2/5 prior quarters same sign as current,"In drift window (Day 49) - SUE near zero, ambiguous signal",,2026-07-14,2026-07-15T22:10:34
CONCOR.NS,India,6.29,0.52,earnings,Container Corporation of India Ltd (BOM:531344) Q3 2026 Earnings Call Highlights: Record ...,36,-0.436,Stayer (persistent),3/5 prior quarters same sign as current,"Contradicts SUE sign (Day 36, later window, SUE=-0.44) - likely fresh catalyst",,2026-07-14,2026-07-15T22:10:34
ADANIPOWER.NS,India,4.97,1.17,earnings,Factbox-A look at Indian billionaire Gautam Adani's businesses ,54,2.584,Mover (inconsistent),2/5 prior quarters same sign as current,"Directionally consistent but LOW confidence (Day 54, later window, SUE=2.58) - this stock's SUE history is inconsistent (mover, not stayer) -- per Kettell et al. 2022, movers show ~no significant drift",,2026-07-14,2026-07-15T22:10:34
MCX.NS,India,3.93,0.48,"earnings, regulatory/legal","Four Indian stocks added, four excluded from key global index in MSCI's May rejig",48,-0.72,Stayer (persistent),3/5 prior quarters same sign as current,"Contradicts SUE sign (Day 48, later window, SUE=-0.72) - likely fresh catalyst",,2026-07-14,2026-07-15T22:10:34
WELCORP.NS,India,3.92,0.65,"earnings, macro/sector",Welspun Living Ltd (BOM:514162) Q4 2026 Earnings Call Highlights: Strong Branded Growth Amidst ...,39,-0.239,Mover (inconsistent),0/5 prior quarters same sign as current,"Contradicts SUE sign (Day 39, later window, SUE=-0.24) - likely fresh catalyst",,2026-07-14,2026-07-15T22:10:34
ADANIGREEN.NS,India,3.75,0.94,"earnings, product/contract",AGEL launches 3.37GWh BESS in Gujarat’s Khavda,58,-0.352,Stayer (persistent),4/4 prior quarters same sign as current,"Contradicts SUE sign (Day 58, later window, SUE=-0.35) - likely fresh catalyst",,2026-07-14,2026-07-15T22:10:34
KALYANKJIL.NS,India,3.74,1.0,earnings,Kalyan Jewellers India Ltd (BOM:543278) Q4 2026 Earnings Call Highlights: Record Revenue Growth ...,48,1.198,Stayer (persistent),4/5 prior quarters same sign as current,"Consistent with PEAD continuation, moderate confidence (Day 48, later window, SUE=1.20, persistent SUE history)",,2026-07-14,2026-07-15T22:10:34
DIVISLAB.NS,India,3.6,1.68,"earnings, product/contract",Divi's Laboratories Ltd (BOM:532488) Q4 2026 Earnings Call Highlights: Strong Financial ...,37,0.467,Stayer (persistent),4/5 prior quarters same sign as current,"Consistent with PEAD continuation, moderate confidence (Day 37, later window, SUE=0.47, persistent SUE history)",,2026-07-14,2026-07-15T22:10:34
CARTRADE.NS,India,3.42,0.54,"earnings, upgrade/downgrade",CarTrade Tech (NSEI:CARTRADE) Stock Sees Fair Value Cut As Growth And Margin Views Ease,49,0.435,Stayer (persistent),4/5 prior quarters same sign as current,"Consistent with PEAD continuation, moderate confidence (Day 49, later window, SUE=0.43, persistent SUE history)",,2026-07-14,2026-07-15T22:10:34
ABT,US,10.71,2.45,earnings,"Stock Market Today, July 16: Micron Plunges as Tech Stocks Extend Sell-Off",64.0,,N/A - no analyst estimate for most recent report,SUE history exists for older quarters but not the most recent report; persistence can't be judged without a current SUE to compare,"In drift window (Day 64) - SUE unavailable, verify manually",,2026-07-16,2026-07-16T22:14:24
JBHT,US,8.01,2.65,earnings,Stock Market Today: Nasdaq Drops While TSMC Hits Sell Rule; Oil Shipper Steers Into Entry Point,0.0,0.844,Stayer (persistent),5/5 prior quarters same sign as current,Day 0 earnings reaction (not drift yet),,2026-07-16,2026-07-16T22:14:24
FDXF,US,7.5,0.73,macro/sector,Former FedEx CFO John Dietrich joins American Airlines board,,,,,No recent earnings on record,,2026-07-16,2026-07-16T22:14:24
ERIE,US,7.49,1.54,unclassified - check headlines manually,AJG Stock Trading at a Discount to Industry at 2.74X: Time to Hold?,59.0,-0.497,Mover (inconsistent),2/5 prior quarters same sign as current,"Contradicts SUE sign (Day 59, later window, SUE=-0.50) - likely fresh catalyst",,2026-07-16,2026-07-16T22:14:24
DXCM,US,7.22,1.51,unclassified - check headlines manually,What Investors Don’t Understand About Abbott Laboratories,54.0,1.676,Stayer (persistent),3/5 prior quarters same sign as current,"Consistent with PEAD continuation, moderate confidence (Day 54, later window, SUE=1.68, persistent SUE history)",,2026-07-16,2026-07-16T22:14:24
CTAS,US,7.22,1.74,"earnings, upgrade/downgrade, regulatory/legal",Cintas upgraded by Bank of America after earnings beat and stronger outlook,0.0,0.705,Stayer (persistent),3/5 prior quarters same sign as current,Day 0 earnings reaction (not drift yet),,2026-07-16,2026-07-16T22:14:24
IR,US,7.13,2.16,earnings,Why Ingersoll Rand Stock Is Soaring Today,56.0,0.73,Mover (inconsistent),1/5 prior quarters same sign as current,"Directionally consistent but LOW confidence (Day 56, later window, SUE=0.73) - this stock's SUE history is inconsistent (mover, not stayer) -- per Kettell et al. 2022, movers show ~no significant drift",,2026-07-16,2026-07-16T22:14:24
IT,US,6.83,0.82,earnings,Gartner Earnings Preview: What to Expect,51.0,0.942,Stayer (persistent),5/5 prior quarters same sign as current,"Consistent with PEAD continuation, moderate confidence (Day 51, later window, SUE=0.94, persistent SUE history)",,2026-07-16,2026-07-16T22:14:24
CSGP,US,6.6,1.3,unclassified - check headlines manually,How CoStar’s CFO Transition And Cost Focus At CoStar Group (CSGP) Has Changed Its Investment Story,56.0,2.847,Stayer (persistent),5/5 prior quarters same sign as current,"Consistent with PEAD continuation, moderate confidence (Day 56, later window, SUE=2.85, persistent SUE history)",,2026-07-16,2026-07-16T22:14:24
DPZ,US,6.05,1.61,earnings,"Should You Buy, Sell or Hold DPZ Stock Before the Q2 Earnings Release?",56.0,-0.438,Stayer (persistent),3/5 prior quarters same sign as current,"Contradicts SUE sign (Day 56, later window, SUE=-0.44) - likely fresh catalyst",,2026-07-16,2026-07-16T22:14:24
NUVOCO.NS,India,10.5,0.68,unclassified - check headlines manually,(no headline found),1.0,0.072,Stayer (persistent),4/5 prior quarters same sign as current,"In drift window (Day 1) - SUE near zero, ambiguous signal",,2026-07-15,2026-07-16T22:14:24
GABRIEL.NS,India,8.48,1.1,product/contract,"SK Enmove, Gabriel India to form lubricants partnership",35.0,-0.15,Stayer (persistent),3/5 prior quarters same sign as current,"Contradicts SUE sign (Day 35, later window, SUE=-0.15) - likely fresh catalyst",,2026-07-15,2026-07-16T22:14:24
AEGISLOG.NS,India,8.07,0.53,earnings,Aegis Logistics Ltd (BOM:500003) Q4 2026 Earnings Call Highlights: Record Profit Milestone and ...,34.0,3.832,Stayer (persistent),3/5 prior quarters same sign as current,"Consistent with PEAD continuation, moderate confidence (Day 34, later window, SUE=3.83, persistent SUE history)",,2026-07-15,2026-07-16T22:14:24
ATHERENERG.NS,India,7.87,1.95,earnings,"India's Ather Energy to raise $125 million via share issue, warrants",51.0,-0.303,Insufficient history,Fewer than 2 prior quarters with usable SUE data,"Contradicts SUE sign (Day 51, later window, SUE=-0.30) - likely fresh catalyst",,2026-07-15,2026-07-16T22:14:24
LTTS.NS,India,6.53,1.36,"earnings, product/contract",L&T Technology Services Ltd (BOM:540115) Q1 2027 Earnings Call Highlights: Strong Growth in ...,1.0,0.225,Stayer (persistent),3/5 prior quarters same sign as current,"Consistent with PEAD continuation, high confidence (Day 1, immediate window, SUE=0.23, persistent SUE history)",,2026-07-15,2026-07-16T22:14:24
GROWW.NS,India,6.15,1.94,earnings,Billionbrains Garage Ventures Ltd (NSE:GROWW) Q4 2026 Earnings Call Highlights: AUM Soars and ...,0.0,2.121,Insufficient history,Fewer than 2 prior quarters with usable SUE data,Day 0 earnings reaction (not drift yet),,2026-07-15,2026-07-16T22:14:24
JUBLPHARMA.NS,India,5.54,1.71,unclassified - check headlines manually,(no headline found),39.0,0.012,Stayer (persistent),3/5 prior quarters same sign as current,"In drift window (Day 39) - SUE near zero, ambiguous signal",,2026-07-15,2026-07-16T22:14:24
FLUOROCHEM.NS,India,5.29,1.53,earnings,Gujarat Fluorochemicals Ltd (BOM:542812) Q4 2026 Earnings Call Highlights: Strong Growth in ...,36.0,-0.017,Stayer (persistent),3/5 prior quarters same sign as current,"In drift window (Day 36) - SUE near zero, ambiguous signal",,2026-07-15,2026-07-16T22:14:24
TRITURBINE.NS,India,5.2,1.62,"earnings, macro/sector",Triveni Turbine Ltd (BOM:533655) Q4 2026 Earnings Call Highlights: Record Turnover and ...,41.0,-0.698,Stayer (persistent),3/5 prior quarters same sign as current,"Contradicts SUE sign (Day 41, later window, SUE=-0.70) - likely fresh catalyst",,2026-07-15,2026-07-16T22:14:24
HFCL.NS,India,4.84,0.68,earnings,India's AI Infrastructure Winners Add $47 Billion as Sterlite Jumps 500%,1935.0,0.151,Mover (inconsistent),2/5 prior quarters same sign as current,Outside typical PEAD window (Day 1935),,2026-07-15,2026-07-16T22:14:24
